{
  "基隆市": {
    "center": [121.7419, 25.1221],
    "towns": {
      "中正區": [121.759355, 25.153191],
      "七堵區": [121.705027, 25.097645],
      "暖暖區": [121.727652, 25.101908],
      "仁愛區": [121.732586, 25.129443],
      "中山區": [121.721458, 25.154739],
      "安樂區": [121.715042, 25.122817],
      "信義區": [121.743102, 25.131324]
    }
  },
  "臺北市": {
    "center": [121.5598, 25.0911],
    "towns": {
      "松山區": [121.568983, 25.051608],
      "信義區": [121.558742, 25.035095],
      "大安區": [121.526401, 25.028247],
      "中山區": [121.525346, 25.06626],
      "中正區": [121.516565, 25.046058],
      "大同區": [121.507228, 25.068025],
      "萬華區": [121.491618, 25.036715],
      "文山區": [121.561759, 24.991364],
      "南港區": [121.59849, 25.056317],
      "內湖區": [121.58069, 25.071182],
      "士林區": [121.511458, 25.094612],
      "北投區": [121.494596, 25.134133]
    }
  },
  "新北市": {
    "center": [121.6739, 25.0108],
    "towns": {
      "板橋區": [121.450888, 25.01154],
      "三重區": [121.480099, 25.062727],
      "中和區": [121.49279, 25.000438],
      "永和區": [121.511985, 25.010926],
      "新莊區": [121.442335, 25.037648],
      "新店區": [121.533397, 24.969155],
      "樹林區": [121.416592, 24.991747],
      "鶯歌區": [121.346152, 24.957831],
      "三峽區": [121.360843, 24.936061],
      "淡水區": [121.43572, 25.188869],
      "汐止區": [121.650742, 25.065596],
      "瑞芳區": [121.801752, 25.110676],
      "土城區": [121.43471, 24.974166],
      "蘆洲區": [121.465658, 25.086664],
      "五股區": [121.429692, 25.08497],
      "泰山區": [121.423294, 25.061122],
      "林口區": [121.380575, 25.078714],
      "深坑區": [121.607653, 25.004226],
      "石碇區": [121.649704, 24.993297],
      "坪林區": [121.703581, 24.937916],
      "三芝區": [121.49265, 25.259569],
      "石門區": [121.559408, 25.293055],
      "八里區": [121.39324, 25.151167],
      "平溪區": [121.729965, 25.028398],
      "雙溪區": [121.857548, 25.035584],
      "貢寮區": [121.902069, 25.023639],
      "金山區": [121.628341, 25.224162],
      "萬里區": [121.681365, 25.179817],
      "烏來區": [121.539955, 24.873686]
    }
  },
  "桃園市": {
    "center": [121.2168, 24.9376],
    "towns": {
      "桃園區": [121.293452, 24.99572],
      "中壢區": [121.216919, 24.967495],
      "大溪區": [121.278915, 24.882288],
      "楊梅區": [121.137642, 24.909366],
      "蘆竹區": [121.287054, 25.048746],
      "大園區": [121.187251, 25.0657],
      "龜山區": [121.32969, 24.99433],
      "八德區": [121.276395, 24.93072],
      "龍潭區": [121.214096, 24.872568],
      "平鎮區": [121.209999, 24.947382],
      "新屋區": [121.097324, 24.974325],
      "觀音區": [121.073654, 25.038202],
      "復興區": [121.34341, 24.820342]
    }
  },
  "新竹縣": {
    "center": [121.1252, 24.7033],
    "towns": {
      "竹北市": [120.995698, 24.841245],
      "竹東鎮": [121.083537, 24.738498],
      "新埔鎮": [121.06309, 24.829658],
      "關西鎮": [121.167608, 24.794171],
      "湖口鄉": [121.039799, 24.902694],
      "新豐鄉": [120.977255, 24.902527],
      "芎林鄉": [121.073659, 24.775089],
      "橫山鄉": [121.133287, 24.718599],
      "北埔鄉": [121.048234, 24.703729],
      "寶山鄉": [120.982971, 24.767367],
      "峨眉鄉": [121.011373, 24.69053],
      "尖石鄉": [121.193279, 24.706998],
      "五峰鄉": [121.111359, 24.633917]
    }
  },
  "新竹市": {
    "center": [120.9647, 24.8039],
    "towns": {
      "東區": [120.965302, 24.806995],
      "北區": [120.96211, 24.818109],
      "香山區": [120.933766, 24.798788]
    }
  },
  "苗栗縣": {
    "center": [120.9417, 24.4893],
    "towns": {
      "苗栗市": [120.81097, 24.563327],
      "苑裡鎮": [120.644959, 24.441421],
      "通霄鎮": [120.676106, 24.493071],
      "竹南鎮": [120.865292, 24.685651],
      "頭份市": [120.904766, 24.687917],
      "後龍鎮": [120.783847, 24.615428],
      "卓蘭鎮": [120.816396, 24.314649],
      "大湖鄉": [120.857997, 24.425185],
      "公館鄉": [120.820309, 24.507572],
      "銅鑼鄉": [120.779668, 24.488751],
      "南庄鄉": [120.992181, 24.598865],
      "頭屋鄉": [120.842914, 24.579517],
      "三義鄉": [120.762009, 24.414619],
      "西湖鄉": [120.749169, 24.558384],
      "造橋鄉": [120.857273, 24.640182],
      "三灣鄉": [120.948627, 24.654906],
      "獅潭鄉": [120.9119, 24.541316],
      "泰安鄉": [120.899784, 24.448973]
    }
  },
  "臺中市": {
    "center": [120.6736, 24.1477],
    "towns": {
      "中區": [120.671241, 24.145697],
      "東區": [120.695505, 24.13843],
      "南區": [120.655667, 24.118842],
      "西區": [120.66295, 24.142918],
      "北區": [120.67395, 24.167748],
      "西屯區": [120.625579, 24.167277],
      "南屯區": [120.634645, 24.140056],
      "北屯區": [120.67837, 24.18473],
      "豐原區": [120.710004, 24.243892],
      "東勢區": [120.819757, 24.260329],
      "大甲區": [120.614294, 24.350838],
      "清水區": [120.55163, 24.270172],
      "沙鹿區": [120.558133, 24.235084],
      "梧棲區": [120.523706, 24.256657],
      "后里區": [120.702572, 24.306704],
      "神岡區": [120.653231, 24.25957],
      "潭子區": [120.696998, 24.211248],
      "大雅區": [120.63965, 24.230893],
      "新社區": [120.801405, 24.235529],
      "石岡區": [120.771892, 24.276692],
      "外埔區": [120.646212, 24.333798],
      "大安區": [120.578366, 24.347963],
      "烏日區": [120.615582, 24.106527],
      "大肚區": [120.537574, 24.152888],
      "龍井區": [120.537625, 24.194294],
      "霧峰區": [120.691954, 24.062818],
      "太平區": [120.710202, 24.12815],
      "大里區": [120.6695, 24.101152],
      "和平區": [120.875458, 24.176581]
    }
  },
  "彰化縣": {
    "center": [120.4818, 23.9929],
    "towns": {
      "彰化市": [120.534059, 24.082575],
      "鹿港鎮": [120.426901, 24.058958],
      "和美鎮": [120.486077, 24.110231],
      "線西鄉": [120.46258, 24.132324],
      "伸港鄉": [120.478036, 24.161568],
      "福興鄉": [120.43572, 24.049723],
      "秀水鄉": [120.494706, 24.037015],
      "花壇鄉": [120.530105, 24.031358],
      "芬園鄉": [120.620811, 24.015384],
      "員林市": [120.566222, 23.960809],
      "溪湖鎮": [120.475412, 23.967903],
      "田中鎮": [120.572807, 23.863241],
      "大村鄉": [120.539115, 23.995175],
      "埔鹽鄉": [120.455432, 24.002038],
      "埔心鄉": [120.53539, 23.954739],
      "永靖鄉": [120.539588, 23.926423],
      "社頭鄉": [120.577712, 23.898478],
      "二水鄉": [120.610779, 23.808358],
      "北斗鎮": [120.513686, 23.863301],
      "二林鎮": [120.366228, 23.90147],
      "田尾鄉": [120.5178, 23.893948],
      "埤頭鄉": [120.45404, 23.893303],
      "芳苑鄉": [120.312202, 23.926058],
      "大城鄉": [120.31281, 23.854033],
      "竹塘鄉": [120.419721, 23.862199],
      "溪州鄉": [120.490937, 23.853448]
    }
  },
  "南投縣": {
    "center": [120.9876, 23.8388],
    "towns": {
      "南投市": [120.679244, 23.913301],
      "埔里鎮": [120.961063, 23.968308],
      "草屯鎮": [120.672118, 23.975548],
      "竹山鎮": [120.663294, 23.759415],
      "集集鎮": [120.778403, 23.830193],
      "名間鄉": [120.694926, 23.840067],
      "鹿谷鄉": [120.745441, 23.747354],
      "中寮鄉": [120.758025, 23.880736],
      "魚池鄉": [120.927501, 23.897526],
      "國姓鄉": [120.849273, 24.04186],
      "水里鄉": [120.847774, 23.813071],
      "信義鄉": [120.846435, 23.698586],
      "仁愛鄉": [121.124146, 24.023225]
    }
  },
  "雲林縣": {
    "center": [120.3897, 23.7559],
    "towns": {
      "斗六市": [120.518874, 23.698834],
      "斗南鎮": [120.469515, 23.681731],
      "虎尾鎮": [120.437174, 23.71],
      "西螺鎮": [120.457501, 23.799496],
      "土庫鎮": [120.384316, 23.679602],
      "北港鎮": [120.294269, 23.577747],
      "古坑鄉": [120.553893, 23.644554],
      "大埤鄉": [120.423228, 23.647544],
      "莿桐鄉": [120.494331, 23.762786],
      "林內鄉": [120.60475, 23.757916],
      "二崙鄉": [120.404695, 23.772884],
      "崙背鄉": [120.350987, 23.764182],
      "麥寮鄉": [120.243504, 23.755569],
      "東勢鄉": [120.244478, 23.676784],
      "褒忠鄉": [120.295255, 23.692847],
      "臺西鄉": [120.188699, 23.702154],
      "元長鄉": [120.307024, 23.651429],
      "四湖鄉": [120.216314, 23.639901],
      "口湖鄉": [120.177328, 23.584236],
      "水林鄉": [120.237993, 23.574572]
    }
  },
  "嘉義縣": {
    "center": [120.574, 23.4589],
    "towns": {
      "太保市": [120.323988, 23.460227],
      "朴子市": [120.23784, 23.459889],
      "布袋鎮": [120.158836, 23.379781],
      "大林鎮": [120.463049, 23.605679],
      "民雄鄉": [120.420388, 23.553198],
      "溪口鄉": [120.384186, 23.604306],